,sales_outlet_id,sales_outlet_type,store_square_feet,store_longitude,store_latitude,Neighorhood,cd_short_title,cd_tot_bldgs,cd_tot_resunits,count_hosp_clinic,count_libraries,count_parks,count_public_schools,crime_per_1000,female_10_14,female_15_19,female_20_24,female_25_29,female_30_34,female_35_39,female_40_44,female_45_49,female_5_9,female_50_54,female_55_59,female_60_64,female_65_69,female_70_74,female_75_79,female_80_84,female_85_over,female_under_5,lots_commercial_office,lots_industrial_manufacturing,lots_mixed_use,lots_open_space,lots_other_no_data,lots_parking,lots_public_facility_institution,lots_res_1_2_family_bldg,lots_res_multifamily_elevator,lots_res_multifamily_walkup,lots_total,lots_transportation_utility,lots_vacant,male_10_14,male_15_19,male_20_24,male_25_29,male_30_34,male_35_39,male_40_44,male_45_49,male_5_9,male_50_54,male_55_59,male_60_64,male_65_69,male_70_74,male_75_79,male_80_84,male_85_over,male_under_5,over65_rate,over65_rate_boro,over65_rate_nyc,pct_bach_deg,pct_bach_deg_boro,pct_bach_deg_nyc,pct_clean_strts,pct_hh_rent_burd,pct_hh_rent_burd_boro,pct_hh_rent_burd_nyc,pct_hispanic,pct_black_nh,pct_asian_nh,pct_served_parks,pct_white_nh,pop_2000,pop_2010,pop_change_00_10,poverty_rate,under18_rate,under18_rate_boro,under18_rate_nyc,unemployment_boro
0,3,existing,1300,-73.924008,40.76119600000001,Astoria,Queens CD 1,24737,89164,19,4,10,27,10.9,1.7,1.8,3.4,7.5,6.5,4.2,2.9,2.8,1.8,3.0,2.8,2.4,2.4,1.7,1.3,1.0,1.2,2.2,653,816,1738,56,56,376,195,8243,216,6406,19400,253,392,1.9,1.8,3.1,7.1,6.3,4.9,3.3,3.2,2.0,2.7,2.5,2.3,1.7,1.4,1.1,0.6,0.6,2.6,13.0,14.8,14.1,46.4,31.5,37.4,96.0,37.4,46.2,44.2,26.6,6.7,15.5,63,48.3,211220,191105,-0.1,18.1,14.5,20.3,20.9,4.0
1,4,potential,1300,-73.98398399999998,40.677645,Gowanus,Brooklyn CD 6,14220,55680,18,4,8,24,7.8,1.9,1.8,2.4,5.3,6.7,5.6,4.3,3.5,3.2,2.8,2.6,2.3,2.0,1.5,0.9,0.9,0.7,4.0,238,529,1674,38,126,230,172,4570,124,5591,13799,101,406,2.4,1.8,1.3,4.1,5.8,5.2,4.4,3.9,2.7,2.7,2.4,2.0,1.5,1.3,0.7,0.5,0.3,4.3,10.4,13.2,14.1,73.0,36.5,37.4,95.9,28.8,45.4,44.2,16.3,7.2,7.0,94,64.1,104054,104709,0.01,9.6,21.2,23.1,20.9,4.4
2,5,existing,900,-74.01013,40.71329,Lower Manhattan,Manhattan CD 1,1725,45629,10,2,13,19,6.8,1.1,2.4,3.9,7.2,6.5,4.7,3.6,2.9,1.8,2.3,2.4,2.6,2.4,1.8,1.0,0.7,1.2,2.7,359,4,635,23,17,23,72,34,167,66,1461,36,25,1.4,1.8,2.8,5.7,6.3,5.2,3.6,3.6,1.7,2.7,2.7,2.7,2.0,1.3,0.9,0.7,0.8,2.6,12.8,15.8,14.1,82.2,60.8,37.4,95.4,30.1,36.4,44.2,6.5,2.2,15.5,100,72.2,34420,60978,0.77,8.8,12.7,14.4,20.9,3.8
3,6,potential,1000,-73.992687,40.713852,Lower East Side,Manhattan CD 3,4644,82557,41,5,13,42,15.2,1.5,2.9,4.2,6.4,4.1,3.2,3.0,3.2,1.2,2.8,3.3,3.4,2.9,2.1,1.6,1.6,2.1,1.5,298,23,2076,124,12,56,276,65,255,926,4259,39,109,1.8,2.5,3.7,6.2,5.6,3.9,2.9,3.3,1.6,3.0,2.8,2.5,2.3,2.0,1.3,1.0,1.0,1.5,17.9,15.8,14.1,43.3,60.8,37.4,91.0,38.4,36.4,44.2,25.1,8.4,30.6,100,33.3,164407,163277,-0.01,19.3,11.4,14.4,20.9,3.8
4,7,potential,1200,-73.96,40.77,Upper East Side,Manhattan CD 6,3056,100985,48,3,6,16,11.7,1.0,2.0,4.8,8.4,5.4,3.7,3.1,2.5,1.2,2.9,2.6,3.1,3.0,2.7,1.8,1.3,1.7,1.8,319,1,940,37,4,23,209,260,418,498,2812,41,62,1.1,1.3,4.1,7.3,5.7,3.8,2.7,3.0,1.0,2.4,2.9,2.2,2.5,1.9,1.2,1.0,0.9,1.8,18.2,15.8,14.1,80.5,60.8,37.4,96.5,35.1,36.4,44.2,7.3,3.4,16.6,91,69.7,136152,142745,0.05,9.8,8.8,14.4,20.9,3.8
5,8,existing,1500,-73.990338,40.761887,Chelsea and Clinton,Manhattan CD 4,3829,85706,38,2,7,29,18.1,0.9,1.7,4.0,7.2,6.4,3.8,3.0,2.9,1.0,2.3,2.7,2.7,2.1,2.1,1.4,0.7,0.9,1.8,479,55,1008,25,8,73,163,162,320,960,3417,94,70,0.8,1.1,3.3,7.0,7.2,5.1,4.8,3.9,1.0,3.6,3.7,3.1,2.4,1.4,1.1,0.8,0.6,1.5,13.4,15.8,14.1,74.1,60.8,37.4,95.6,33.9,36.4,44.2,15.5,5.2,17.2,94,59.1,87479,103245,0.18,11.3,8.2,14.4,20.9,3.8
6,9,potential,1700,-74.000502,40.74276,Chelsea and Clinton,Manhattan CD 4,3829,85706,38,2,7,29,18.1,0.9,1.7,4.0,7.2,6.4,3.8,3.0,2.9,1.0,2.3,2.7,2.7,2.1,2.1,1.4,0.7,0.9,1.8,479,55,1008,25,8,73,163,162,320,960,3417,94,70,0.8,1.1,3.3,7.0,7.2,5.1,4.8,3.9,1.0,3.6,3.7,3.1,2.4,1.4,1.1,0.8,0.6,1.5,13.4,15.8,14.1,74.1,60.8,37.4,95.6,33.9,36.4,44.2,15.5,5.2,17.2,94,59.1,87479,103245,0.18,11.3,8.2,14.4,20.9,3.8
7,10,potential,1600,-74.00272199999998,40.734367,Greenwich Village,Manhattan CD 2,5256,60610,19,3,6,8,15.0,1.1,2.4,3.9,7.2,6.5,4.7,3.6,2.9,1.8,2.3,2.4,2.6,2.4,1.8,1.0,0.7,1.2,2.7,594,13,1766,29,29,52,173,628,444,921,4725,26,50,1.4,1.8,2.8,5.7,6.3,5.2,3.6,3.6,1.7,2.7,2.7,2.7,2.0,1.3,0.9,0.7,0.8,2.6,12.8,15.8,14.1,82.2,60.8,37.4,96.3,30.1,36.4,44.2,6.5,2.2,15.5,100,72.2,93119,90016,-0.03,8.8,12.7,14.4,20.9,3.8
